Facility ID,Facility Name,Address,Parcel ID,Phone,Property Type,Facility Type,Facility Status,CSI Zone,Comments,Longitude,Latitude
1,Frank Road Water Reservoir,Frank Road & Bentwood Oak Drive,C0232G A00030,Not Available,Municipal,School and Government Building,Open,2,"Address of location uncertain. UST/LUST: 1 tank Permanently Out of Use, removed from ground 12/1/1998. ",-89.72857798,35.07014502
2,Whittmore Subdivision,2961 South Houston Levee Road,C0232B F00003,Not Available,Residential,Construction Trade,Open,2,None,-89.73062212,35.06298765
3,Memphis National Golf Club,10135 National Club Drive,C0232   00312C,901-853-8058,Commercial,Golf Course,Open,2,None,-89.72508128,35.07296521
4,Poplar Market Place,9435 Poplar Avenue,G0232D A00005,Not Available,Commercial,Multi-Use,Open,2,Shopping center includes nail salon and dry cleaners (no DCERP file identified) and bike store. As of 8/2023 dry cleaners is closed. ,-89.74826371,35.06217203
5,Kwik Shop #201,9423 Poplar Avenue,G0232D A00004,901-754-4484,Commercial,Gas Station,Open,2,"Car wash also on property. UST/LUST: Leak Discovery Dates: 8/12/2004,  Case Closed. 3 tanks Currently in Use.",-89.74899024,35.06225842
6,Stringer's Poplar Pointe Garden Center,9495 Poplar Avenue,G0232   00190,901-754-5700,Commercial,Home Improvement Business,Open,2,None,-89.74666456,35.06145316
7,Lendermon Sports Medicine,9950 Crooked Creek Drive,C0243   00561,901-850-5756,Commercial,Medical/Veterinary Services,Open,2,None,-89.73076083,35.05644238
8,Bedford Plantation Cemetery,3318 Bedford Lane,G0243W A00067,901-222-8100,Commercial,Cemetery,Open,2,Small cemetery with 10 interments.,-89.73796219,35.05824803
9,James K. Johnson Water Treatment Plant,2964 Johnson Road,G0232   00274,901-757-7350,Municipal,Water/Sewage Treatment Plant,Open,1,None,-89.74596756,35.06762915
10,Bobby Todd Water Pumping Station,2964 Johnson Road,G0232   00274,901-757-7350,Municipal,Water/Sewage Treatment Plant,Open,1,None,-89.74580209,35.06853628
11,Ridgeway Country Club Golf Course,9800 Poplar Avenue,C0243   00116,901-853-2247,Commercial,Golf Course,Open,1,None,-89.73484418,35.06194599
12,Chapel Cove Subdivision,Chapel Woods Cove,G0232D C00024,Not Available,Residential,Construction Trade,Open,2,New subdivision with homes being constructed. As of 8/2023 only one house being built in the subdivision. ,-89.74508162,35.06124784
13,Firestone Complete Auto Care,9461 Poplar Avenue,G0232D A00006,901-440-2458,Commercial,"Dealership, Repair, Car Wash",Open,2,None,-89.74763355,35.06190579
14,Children's Dental Center of West Tennessee,3394 South Houston Levee Road,C0243   00562,901-861-9668,Commercial,Medical/Veterinary Services,Open,2,Saddle Creek Orthodontics is also in the building.,-89.73170168,35.05559002
15,Cell Tower,Johnson Road Park,G0232   00274,Not Available,Commercial,Petroleum Storage,Open,1,None,-89.74734911,35.06857303
16,Collierville Fire Station No. 4,2823 South Houston Levee Road,C0232   00230,901-457-2400,Municipal,School and Government Building,Open,2,None,-89.73115328,35.07185155
17,Johnson Road Park,2970 Johnson Road,G0232   00293,901-757-7375,Municipal,Park,Open,1,None,-89.74440256,35.06959777
18,The Farms at Bailey Station/Ballard P.D.,3300 South Houston Levee Road,C0243   00646,901-779-8200,Residential,Construction Trade,Open,2,"Water discharge area for construction of new, nearby neighborhood. As of 8/2023 no visible construction. ",-89.7301274,35.05731134
19,Covenant Baptist Church,3170 Houston Levee Road,C0243   00418,901-853-0700,Commercial,Park,Open,2,None,-89.7308659,35.06167785
20,Forest Hill Estates,2669 Scarlet Road,G0232  C00011,Not Available,Residential,Construction Trade,Open,2,Homes under construction as of 11/2023.,-89.75381526,35.07602119
21,Glen Echo Estate Subdivision,SE Corner of Forest Hill & Forest Hill Cove,G0232J C00003,Not Available,Residential,Construction Trade,Closed,2,New subdivision with lots for sale. Construction appears complete as of 6/2021.,-89.75589151,35.07361734
22,Shops of Forest Hill III,9155 Poplar Avenue,G0232   00377,Not Available,Commercial,Multi-Use,Open,2,"Pool shop, paint supply store, optometrist office, jewelry store, medical office. ",-89.75745593,35.06661538
23,Renew Wellness Spa,3040 South Forest Hill Irene Road Suite 109,G0232   00533,901-435-6150,Commercial,Barber/Beauty Shop,Open,2,None,-89.75825979,35.06579542
24,Wendy's,9197 Poplar Avenue,G0232   00371,901-756-1141,Commercial,Hazardous Waste Storage/Disposal,Closed,2,VOAP permit at this location.,-89.75668979,35.06617418
25,Shops of Forest Hill,9245 Poplar Avenue,G0232   00350,Not Available,Commercial,Multi-Use,Open,2,"Shopping center includes a UPS store, nail salon, spa, and dry cleaners (no DCERP file identified).",-89.75505892,35.06524946
26,Target,9235 Poplar Avenue,G0232   00349,901-756-6011,Commercial,Pharmacy,Open,2,None,-89.7554964,35.06456594
27,Shops of Forest Hill II,3075 Village Shops Drive,G0232   00474,Not Available,Commercial,Multi-Use,Open,2,"Shopping center includes window and door supplier, hair salons, and beauty supply store.",-89.75626737,35.06392864
28,Medical Offices,3087 Professional Plaza,G0232   00423,Not Available,Commercial,Medical/Veterinary Services,Open,2,Several medical offices in this building.,-89.75430077,35.06468313
29,Baron's Man Cave,9289 Poplar Avenue Suite 102,G0232   00080,901-505-2242,Commercial,Barber/Beauty Shop,Open,2,None,-89.75357437,35.06479685
30,Smiles by Dr. Price,3100 Professional Plaza,G0232   00545,901-295-2995,Commercial,Medical/Veterinary Services,Open,2,"Formerly Dr. George Bouldien, Orthodontist.",-89.75407124,35.06420227
31,Gardens of Germantown Memory Care Assisted Living,3179 Professional Plaza,G0232   00549,901-755-5450,Residential,Apartments and Condominiums,Open,2,Senior care center.,-89.75481412,35.06355452
32,Janna Hacker & Associates,3180 Professional Plaza Suite 111,G0232   00550,901-854-5455,Commercial,Medical/Veterinary Services,Open,2,Formerly known as Germantown Pediatric.,-89.75426117,35.06294765
33,Germantown Plantation Senior Living Community,9293 Poplar Avenue,G0232   00187C,901-757-4114,Residential,Apartments and Condominiums,Open,2,None,-89.75336987,35.06337306
34,Walgreens #4312,9325 Poplar Avenue,G0232   00429,901-309-1609,Commercial,Pharmacy,Open,2,None,-89.75112079,35.06310346
35,Poplar Pike Shopping Center,9375 Poplar Avenue,G0232D A00001C,Not Available,Commercial,Multi-Use,Open,2,Shopping center includes pool and spa store and jewelers.,-89.74980331,35.06267959
36,Huber Floors & Inspections,3081 Poplar Grove Lane,G0232E B00027,901-624-7678,Commercial,Construction Trade,Closed,2,Appears to be residential address for the owner of the flooring company. Unable to locate actual business address. No evidence of any construction.,-89.75147157,35.06470425
37,Forest Hill Woods Subdivision,NE Corner of Hill Creek Cove & Hollow Creek Road,G0243Y D00007,Not Available,Residential,Construction Trade,Open,2,New residences under construction as of 2023.,-89.75117719,35.05972472
38,People First Urgent Care,9301 Poplar Avenue,G0232   00394,901-587-6100,Commercial,Medical/Veterinary Services,Open,2,None,-89.75245012,35.06424617
39,Great Southern Smiles,9407 Poplar Avenue,G0232D A00003,901-309-6821,Commercial,Medical/Veterinary Services,Open,2,None,-89.74935439,35.06263029
40,Chiropractic Memphis ,3169 Professional Plaza Drive,G0232   00449,901-861-1212,Commercial,Medical/Veterinary Services,Open,2,Formerly Benefit Help and David Clark Construction.,-89.75428096,35.06376648
41,Weldon Woods Subdivision,Forest Hill Irene Road & Weldon Woods Drive,G0232   00573,Not Available,Residential,Construction Trade,Open,2,Subdivision construction underway as of 11/2023.,-89.7577825,35.06107614
,,,,,,,,,,,
